Timestamp,كانت تواجهك الحيرة بخصوص مجال علم البيانات قبل حضورك لاسبوع علم البيانات في مبادرة مجال؟,ساعدتك مبادرة مجال على تحديد ما إذا كان مجال علم البيانات يناسبك أم لا,هل اتخذت قرارًا بخصوص مجال علم البيانات؟,تقييمك لمبادرة مجال في مجال علم البيانات,نقدك واقتراحاتك لمبادرة مجال في مجال علم البيانات
7/31/2025 15:17:33,4,5,نعم، قررت ان مجال علم البيانات هو المجال المناسب لي,فوق التقييم,التكييف بارد
7/31/2025 15:17:55,2,5,نعم، قررت ان مجال علم البيانات هو المجال المناسب لي,مليون من 10,لا يوجد شكراً لجهودكم
7/31/2025 15:18:00,5,4,نعم، قررت ان مجال علم البيانات هو المجال المناسب لي,10/10,لا يوجد
7/31/2025 15:18:08,5,5,لا,فوق الممتازة,لا توجد ملاحظات، كل شيء كان مثالي
7/31/2025 15:18:58,5,5,نعم، قررت ان مجال علم البيانات هو المجال المناسب لي,فوق التقييم ,كل شي كامل 
7/31/2025 15:19:16,2,4,لا,نتقدم بخالص الشكر والتقدير لمبادرة مجال على جهودها المتميزة في تمكين وتطوير المهارات في مجال علم البيانات. المبادرة ممتازة جدًا من حيث المحتوى، التنظيم، والأسلوب التعليمي المبسط والواضح. تميزت بتوفير موارد عالية الجودة، ومدربين أكفاء، وبيئة تعليمية محفزة تدعم التعلم الذاتي والتطبيقي. شكراً لكم على هذه المبادرة الرائدة والمساهمة القيمة في بناء جيل متمكن من أدوات وتقنيات علم البيانات.,لا شى ما قصرتم
7/31/2025 15:19:28,1,5,نعم، قررت ان مجال علم البيانات هو المجال المناسب لي,"ممتاز وشامل جداً 
يعطي نظره لكل المواضيع بتحليل البيانات",ممتاز لكن تداخل المعلومات شوي سريع 
7/31/2025 15:19:47,3,4,نعم، قررت ان مجال علم البيانات هو المجال المناسب لي,١٠/١٠,Nothing 
7/31/2025 15:19:55,5,5,نعم، قررت ان مجال علم البيانات هو المجال المناسب لي,10/10,لا يوجد 
7/31/2025 15:20:48,3,5,نعم، قررت ان مجال علم البيانات هو المجال المناسب لي,رائعه,.
7/31/2025 15:21:48,1,5,نعم، قررت ان مجال علم البيانات هو المجال المناسب لي,اكثر دورة استفدت منها وطورتني في فهم تخصصي اكثر ,البريك طويل
7/31/2025 15:23:03,4,5,لا,"١٠/١٠ 
غير عن اللي توقعته تقريبًا، بس جدًا جميل وأستفدت مرررة والتيم جدًا جميل ومتعاون.",كل شي اعجبني ❤️
7/31/2025 15:54:45,5,5,لا,روعة حلو جميل كويس فيري نايس فيري قود بيوتفول كورس,التركيز على جعل المحتوى الممل اكثر متعة بتقديم محتوى جاذب للإنتباه والعين
7/31/2025 16:38:41,3,5,نعم، قررت أن مجال علم البيانات لا يناسبني,تجربة رائعه وفريده من نوعها عشره من عشره ,كل تمام الدوره كانت رائعه ومفيده واتطلع اني اشارك بدورات اخرى في مجال 
7/31/2025 16:38:55,5,4,لا,مبادره رائعه ومتكامله تشرح كل النقاط المهمه اللي تخص مجال علم البيانات وجميع الاساتذه والمتطوعين كانو يساعدونا باي نقطه نحتاجها,ممكن ان اوقات المبادره كانت طويله بزياده مما تخلي الشخص يتشتت ويتعب لكن الباقي كله ممتاز
7/31/2025 16:45:24,5,5,لا,10/10,لايوجد 
7/31/2025 16:46:57,4,2,لا,ممتازه,حقيقه المبادرة جدا مفيده وعلمتنا الاشياء الاساسيه والمدربين فاهمين ومتمكنين من التخصص وهالشي ساعدنا كثير في الفهم كانت شوي الفتره قصيره ف م عطتنا الصوره الكامله ١٠٠٪؜ عن التخصص
7/31/2025 16:51:17,3,5,نعم، قررت ان مجال علم البيانات هو المجال المناسب لي,"المبادرة جدا مميزة ومتعوب عليها 
واختياركم للدكتور كان موفق بصراحه، والعملي بدعتوا وجدًاا 
حتى التفاصيل مثل تنظيم الوقت واختيار المكان 
فعلا شغل متعوب عليه، الله يعطيكم العافية  ماقصرتوا جهودكم تشكر",..
7/31/2025 17:54:44,4,5,نعم، قررت أن مجال علم البيانات لا يناسبني,مبادره جميله مليئه بالفوائد و عمل الجماعي وتسهيل وصول المعلومه من قبل الدكتور ومتطوعين ، كانت من افضل دورات في مجال علم البيانات,لايوجد
7/31/2025 19:28:52,1,1,لا,٠,٠
7/31/2025 19:43:07,3,4,لا,كانت مبادره رائعه,فتح تخصصات اكثر
8/1/2025 0:55:01,5,5,نعم، قررت ان مجال علم البيانات هو المجال المناسب لي,"للمره الثانية انبهر بعمق المحتوى وفائدته علي، البرنامج ثري مليان تطبيقات عملية الي بتفيدنا وتهيئنا لسوق العمل.
ممتنة جدا لجهودكم ",ما عندي أي ملاحظات، كل شي كان ممتاز واحترافي صراحة
8/1/2025 13:24:21,3,5,نعم، قررت ان مجال علم البيانات هو المجال المناسب لي,10/10,.