Timestamp,كانت تواجهك الحيرة بخصوص مجال تطوير المواقع قبل حضورك لاسبوع تطوير المواقع في مبادرة مجال؟,ساعدتك مبادرة مجال على تحديد ما إذا كان مجال تطوير المواقع يناسبك أم لا,هل اتخذت قرارًا بخصوص مجال تطوير المواقع؟,تقييمك لمبادرة مجال في مجال تطوير المواقع,نقدك واقتراحاتك لمبادرة مجال في مجال تطوير المواقع
8/14/2025 16:43:04,3,4,نعم، قررت أن مجال تطوير المواقع لا يناسبني,.,.
8/14/2025 16:44:14,3,4,لا، ليس بعد,10/10,.
8/14/2025 16:44:23,5,4,لا، ليس بعد,10/10,استمروا 
8/14/2025 16:45:37,5,3,لا، ليس بعد,مين؟ ايش؟ أنا أقيمهم، مجال ما يحتاج تقييم ، فوووووق التقييم ,أكيد ما احب اخلي هذي الخانة فاضية لكن عطوني وقت ويصير خير ان شاء الله 😁
8/14/2025 16:46:34,2,5,نعم، قررت أن مجال تطوير المواقع لا يناسبني,ممتازه جدا,لا يوجد
8/14/2025 16:50:30,3,2,لا، ليس بعد,10/10,كل شي تمام ناقصهم إني أكون من ضمن الفريق 
8/14/2025 16:50:38,5,4,نعم، قررت أن مجال تطوير المواقع لا يناسبني,10/10,ً
8/14/2025 16:52:28,3,5,لا، ليس بعد,جميلة جدا ,لا يوجد 
8/14/2025 16:52:39,5,5,نعم، قررت أن مجال تطوير المواقع لا يناسبني,مره رائعه وحلوه شكرًا صدق الجميع ماقصر الله يجعلها زكاتكم بنشر العلم,خلوها دايم حضوريه هذي حرفيًا نقطه كبيره تحسب لكم موموجوده باي مكان
8/14/2025 16:52:59,4,5,لا، ليس بعد,محتوى مفيد يعني الي تعلمته في هذه الاسبوع لو باخذه في الجامعه او مكان ثاني ممكن ياخذ مني شهر فا حبيت كيف فيه موازنه بين النظري والعلمي يخليك تستفيد وتتحمس اكثر,الله يعطيكم العافية ماقصرتو وان شاءالله يكون لنا اجتماع في وحده من دورات المبادره في المستقبل
8/14/2025 16:54:24,3,1,نعم، قررت أن مجال تطوير المواقع لا يناسبني,ممتاز ,اقتراحي بسيط جدا بس لو تكون في طيارات خاصة من الحساء إلى سايتك أكون شاكر 
8/14/2025 16:54:30,1,5,لا، ليس بعد,مبادرة ممتازة جداً واستفدت منها جداً,ممكن اضافة more tasks 
8/14/2025 16:54:33,1,2,نعم، قررت أن مجال تطوير المواقع لا يناسبني,رائعه,مافي شيء بس البريك طويل والساعة مال الكورس طويل 
8/14/2025 16:57:18,5,4,لا، ليس بعد,Nice,لايوجد
8/14/2025 16:57:58,1,4,لا، ليس بعد,مبادره جميله الاهتمام والحرص فيها واضح,.
8/14/2025 17:02:10,3,5,لا، ليس بعد,جميل جدا استفدت وتعلمت لغات جدبده ,الصراحه الجهود واضحه وتشكر خصوصا ترتيب التاسكات والمحتوى ، لكن عندي نقطه بخصوص ان بعض المفاهيم تكون صعبه فالشرح يكون مفهوم لكن عند التطبيق في صعوبه خصوصا اذا كانت دمج بين لغتين او شي جديد كليا نفس اخر يوم . بالاضافه الى ان بعض الاحيان التاسك الواحد يكون سهل بس ناخذ وقت طويل ع م نروح للثاني وهذا ممكن اثر على الانتاجيه شوي. فالافضل يكون في وقت محدد حتى لو مو الكل حل لان مع الشرح بيفهم باذن الله او يكون سوال مشابه له يتم حله ومن ثم حل السوال الاخر .  عموما ارجع اشكر المقدمين والمساعدين على عملهم المتفاني استفدت كثير .
8/14/2025 17:04:08,5,5,لا، ليس بعد,مبادرة اكثر من رائعة شكرا على جهودكم , 
8/14/2025 17:04:30,5,5,نعم، قررت أن مجال تطوير المواقع لا يناسبني,المواد للمجال نفسه لا يمكنها ان تكون اكثر ابهارا ولكن بمساعدة مجال جعلت من مادة مملة اكثر تشوقا,وضع مسابقات اكثر ( ٢ كاهوت كل يوم )
8/14/2025 17:11:18,5,5,لا، ليس بعد,رائعة جدا,زيادة المجالات
8/14/2025 17:21:45,4,4,نعم، قررت أن مجال تطوير المواقع لا يناسبني,جميل جدا ، اعيد التجربة ,اتمنى ان يكون فيه سلايدات وشرح مفصل اكثر وكيف كل لغه تكتب وكيف نتعامل معها بشكل اوضح واتمنى مراعاه اللي ماعندهم خلفية برمجية في المرات القادمه اذا كانت الاسبوع يستهدف ناس مبتدئين وشكرا لكم كثير وعلى تعبكم وجهدكم 🙏🏻🙏🏻
8/14/2025 17:23:26,2,5,نعم، قررت ان مجال تطوير المواقع هو المجال المناسب لي,مبادرة مبتكرة وابداعية من جميع النواحي ,ساعدتني المبادرة على التعرف اكثر عن مجال تطوير المواقع بافضل طريقة ممكنة وكان بمساعدة المدربين ما قصروا معنا من خلال شرحهم الإبداعي والتأكد ان الجميع فهم واستمتع بنفس الوقت 
8/14/2025 17:26:33,5,5,لا، ليس بعد,فووق التقيييم ١٠٠٠٠٠/١٠,اتمنى لو انه يكون كل فتره 🤍
8/14/2025 17:27:02,3,5,نعم، قررت أن مجال تطوير المواقع لا يناسبني,حرفيا انا شخص ما افقهى باي شي بتطوير المواقع وبالخمس الايام ذي فهمت الكثير منهم الله يجزاهم خير,كاملين والكمال لله
8/14/2025 17:41:43,3,5,نعم، قررت ان مجال تطوير المواقع هو المجال المناسب لي,"مبادرة أكثر من رائعة، شرح واضح وممتع بأسلوب سلس يوصل المعلومة بكل بساطة، وخطوات عملية تخلي التعلم ممتع وسهل. دعم وتشجيع مستمر من المشرفين، وحرص كبير على إفادتنا وتطوير مهاراتنا. التنظيم مميز والبيئة محفزة، والمحتوى أثر بشكل كبير على مسارنا وخبرتنا في تطوير المواقع. فعلًا تجربة ثرية نفتخر فيها، ويستحقون كل الشكر والتقدير 
",مبادرة مجال في تطوير المواقع كانت رائعة بكل تفاصيلها، من شرح واضح وممتع، ودعم مستمر، وتنظيم مميز، إلى بيئة محفزة تعطي دافع للتعلم والإبداع. استفدنا كثير وحددنا مسارنا بوضوح، وأقترح فقط استمرار هذه المبادرات وزيادةها لأنها فعلًا تصنع فرق كبير في خبرة المتدربين
8/14/2025 17:55:53,5,5,نعم، قررت ان مجال تطوير المواقع هو المجال المناسب لي,فوق الخيال ,.
8/14/2025 18:17:27,5,3,لا، ليس بعد,الشغل و التاسكس كانت ممتازه والسلايدات واضحه,المده فقط كانت قصيره لو تمددت اسبوعين و كان الوقت اقل كان ممكن يكون اسهل التعلم و مقدر نستفيد اكثر كل يوم شيء مخصص
8/14/2025 19:44:00,4,5,لا، ليس بعد,10/10 جهود مشكورة ومحتوى رائع، خلال اسبوع قدمتوا محتوى يُدَرس باسابيع وبطريقة مناسبة ومفهومة,.
8/14/2025 22:35:27,5,5,نعم، قررت أن مجال تطوير المواقع لا يناسبني,"10/10 
مبادرة تمنيت لو انها موجوده قبل اضيع ٤ سنوات في تخصص ما يناسبني 
٤ سنوات ضايعه وانتو من اسبوعين فقط (اسبوع الai واسبوع الweb development ) قدرتوا تخلوني اكتشف ان تخصص علوم الحاسب هو التخصص الي يناسبني
شكرًا لأنكم ساعدتوني ما اضيع سنين زياده عالفاضي✨",هذا الاسبوع كان متكامل مافيه اي نقص
8/15/2025 0:24:28,3,3,نعم، قررت ان مجال تطوير المواقع هو المجال المناسب لي,مجال يقيم فقط، وليس للتقييم.,"أحب أشارككم بعض الأفكار والاقتراحات الأخرى والإضافية  لتطوير مبادرة مجال وجعلها أكثر تفاعلاً وفائدة للطلاب والمجتمع. أول شيء، ممكن نفتح مجتمع رقمي على تويتر يكون مكان لأي شخص مهتم بالتقنية، سواء داخل المجال أو حتى خارج المجال عنده فضول يتعلم. هنا يقدر أي أحد يسأل، ويجاوبه خبراء المجال مباشرة. وكمان الطلاب يقدرون يشاركوا تقدمهم وإنجازاتهم، وهذا يحفز الجميع ويخلق جو تفاعلي مستمر يدعم التعاون والمشاركة.

ثانياً، طرح تحديات وأسئلة تقنية على تويتر فكرة ممتازة للتفاعل. ممكن نسوي “تحدي الساعة” أو اختبار صغير لتحديد مستوى المهارات في مجال محدد، مثل تطوير الويب أو لغة برمجة معينة. الطلاب يعرفون مستواهم ويتوجهون للدورات اللي يحتاجونها، وفي نفس الوقت الجو يكون منافسة صحية وممتعة تحفز المتابعين على المشاركة بشكل دائم.

ثالثاً، اذكركم بفكرة تكوين فريق رسمي لتمثيل المبادرة في الهاكاثونات أو البرامج التقنية الكبيرة شيء جبار . هذا الفريق يعطي المبادرة حضور قوي، ويخلي الطلاب يكتسبون خبرة عملية في العمل الجماعي وحل المشاكل التقنية. وايضاً نقدر نشارك محتوى مميز عن الفريق على السوشال ميديا ويزيد التفاعل ويبرز قيمة المبادرة.

و ممكن نفتح باب النقاش والمشاركة المستمرة، بحيث يطرح الناس أسئلة أو مقترحات، ونحولها لمحتوى مفيد على شكل ثردات أو نصائح تقنية واختصارات، بحيث المتابعين يرجعون باستمرار ويستفيدون.

أما بالنسبة للملاحظات العملية، طبيعي بعض المشاركين يفضلون دعم لوجستي مثل وجبات لو خفيفة ، 
لكن يكون أفضل لو يبدأ النشاط باكراً مثل 7:30 أو 8 صباحاً، خصوصاً للطلاب اللي يستيقظون مبكراً ويريدون الاستفادة منذ بداية اليوم 

أما عن الإيجابيات، بصراحة المجهود واضح جداً، والحرص على التنظيم والتفاعل والتحفيز المستمر شيء رائع. تقسيم المهام بين الأعضاء بشكل واضح—إدارة المجتمع الرقمي، إعداد التحديات، مشاركة المحتوى، وتمثيل المبادرة في الفعاليات—مع التعاون المستمر، يجعل العمل أكثر انسيابية وفعالية.

أخيراً، هذه الاقتراحات من حبي أشوف المبادرة تترك أثر حقيقي، وأني أكون جزء من شيء مفيد ويترك بصمة. وأعتذر إذا حسيتوا أني أطيل، لكن حماسي ينبع من رغبتي أن نشوف المبادرة في أفضل صورة ممكنة، وتكون نقطة تحول لكل مهتم بالتقنية حتى لو ما عندي الخبرة اللي تمكنني انقد او أغير 

شكرًا لكم مقدما "
8/15/2025 18:21:49,3,4,لا، ليس بعد,10/10,-
8/15/2025 18:22:17,1,1,نعم، قررت ان مجال تطوير المواقع هو المجال المناسب لي,ممتاز جدا,ممكن وضع اختبارات قصيره على اي شكل سواء ورقي أو فورم ويكون بنفس وقت المحاضرات تساعد في تثبيت المعلومة 
8/15/2025 18:24:12,2,5,لا، ليس بعد,ممتازه,لايوجد
8/15/2025 18:25:21,2,4,لا، ليس بعد,المبادرة مرة ممتازة، شملت كل أساسيات تطوير المواقع,يفضل لو زاد عدد الأيام شوي 
8/15/2025 18:38:44,5,5,نعم، قررت ان مجال تطوير المواقع هو المجال المناسب لي,10/10,ممكن زيادة عدد المساعدين بحيث يساعدون على توفير وقت اكبر في المساعده
8/15/2025 18:56:00,3,5,لا، ليس بعد,10/10,..
8/15/2025 19:37:11,3,5,لا، ليس بعد,مبادرة ابداعية ومفيدة والشرح اسطوري عند المدربين الرئيس فاضل ونائبه الوليد وعلي شرحهم مبسط وواضح للمعلومات,لا يوجد واستمروا على هذي الاوقات الي تكون في اوقات الاجازات لإن قليل يكون في اشياء مثل كذا
8/15/2025 19:37:58,5,3,نعم، قررت أن مجال تطوير المواقع لا يناسبني,فوق التقييم ,لا يوجد نقد 
8/15/2025 21:51:43,3,3,لا، ليس بعد,9/10,لا يوجد
8/15/2025 22:30:29,1,1,لا، ليس بعد,ما عليها خلاف 10/10,"افكار إضافية 

في مشاركتي في مسار تطوير الويب، كنت أعرف عنه أشياء بسيطة بس، وعشان كذا أول يومين ما حسّيت إني أستفيد كثير، كنت بس أمارس المعلومات السابقة . فطلعت لي فكرة إنه يكون فيه خريطة عمل لكل برنامج، توضح بالضبط وش نسوي في اليوم الأول، اليوم الثاني، الثالث… إلى آخره. هالشي بيخلّي الصورة واضحة من البداية 
ويكون افضل

وعندي فكرة ثانية يمكن تكون مفيدة، وهي إن الجزء النظري يكون أونلاين، والمشاريع العملية تكون حضوري، بس بساعات قليلة. بهالطريقة الكل يقدر يحضر إن شاء الله، حتى اللي وقته ضيق أو بعيد عن المكان، ونجمع بين المرونة والفائدة

أتمنى اقترحات جميلة وشكرًا لكم "
8/16/2025 10:01:16,4,3,لا، ليس بعد,10/10,"ليش ما يكون فيه بوست دوري يُطرح أسئلة من النوع اللي يحرك التفكير مثل: كيف؟ وليش؟
بعدها يدخل المختصون وطلاب الحاسب يجاوبون ويشاركون خبراتهم وتجاربهم.
الفائدة بتكون جماعية الناس تستوعب أكثر، الطلاب يتدرّبون على صياغة الإجابات، والمجتمع يثري بعضه بعض.
تخيل كمية المعرفة اللي ممكن تتكوّن مع الوقت إذا استمرينا على هالأسلوب "